continent.x	country	term	estimate	std.error	statistic	p.value	continent.y	sd
Africa	Algeria	(Intercept)	43.3749743589744	0.718420236072586	60.3754908075723	3.77607470991385e-14	Africa	1.32300638495765
Africa	Algeria	I(year - 1952)	0.56927972027972	0.0221270703721839	25.7277493452258	1.80814336319391e-10	Africa	1.32300638495765
Africa	Angola	(Intercept)	32.1266538461539	0.764035492705228	42.0486406101406	1.38788764029736e-12	Africa	1.40700913536231
Africa	Angola	I(year - 1952)	0.20933986013986	0.0235320029490744	8.89596438488014	4.59349840616498e-06	Africa	1.40700913536231
Africa	Benin	(Intercept)	39.5885128205128	0.63788185975138	62.0624528120972	2.86846806338232e-14	Africa	1.17469098297291
Africa	Benin	I(year - 1952)	0.334232867132867	0.0196465189747694	17.0123199719044	1.03713823488889e-08	Africa	1.17469098297291
Africa	Botswana	(Intercept)	52.9291153846154	3.31904058114134	15.9471130559104	1.9386111418546e-08	Africa	6.11217733062277
Africa	Botswana	I(year - 1952)	0.0606685314685316	0.102225189129595	0.593479278298224	0.566041352585494	Africa	6.11217733062277
Africa	Burkina Faso	(Intercept)	34.6846923076923	1.11161364684703	31.2021109187276	2.68483973895909e-11	Africa	2.0470914912203
Africa	Burkina Faso	I(year - 1952)	0.363974825174825	0.0342372780657296	10.6309509907901	9.04750585098712e-07	Africa	2.0470914912203
Africa	Burundi	(Intercept)	40.578641025641	0.874686171588846	46.3922288286906	5.21699938303135e-13	Africa	1.61077783133225
Africa	Burundi	I(year - 1952)	0.154134265734266	0.0269400018269628	5.72139032225309	0.000192567696716677	Africa	1.61077783133225
Africa	Cameroon	(Intercept)	41.2494615384615	1.761133052294	23.422115373243	4.55909265968749e-10	Africa	3.24321358997673
Africa	Cameroon	I(year - 1952)	0.250146853146853	0.0542422290272891	4.61166249309196	0.000962781708619339	Africa	3.24321358997673
Africa	Central African Republic	(Intercept)	38.8095128205129	1.9138932425616	20.2777835029969	1.87525063110334e-09	Africa	3.5245290331444
Africa	Central African Republic	I(year - 1952)	0.183905594405594	0.0589471848601005	3.11983676306269	0.010876998153315	Africa	3.5245290331444
Africa	Chad	(Intercept)	39.8093717948718	0.994510082641308	40.0291284017379	2.26440842613315e-12	Africa	1.83143948788529
Africa	Chad	I(year - 1952)	0.253244055944055	0.030630532771111	8.2677000049735	8.81561566393024e-06	Africa	1.83143948788529
Africa	Comoros	(Intercept)	39.996	0.259915279477427	153.880911043068	3.29923049322617e-18	Africa	0.478646837923902
Africa	Comoros	I(year - 1952)	0.450390909090909	0.00800529187658044	56.2616474245657	7.63303968298643e-14	Africa	0.478646837923902
Africa	Congo, Dem. Rep.	(Intercept)	41.9610769230769	1.31926341581419	31.8064432167859	2.22008212380117e-11	Africa	2.42948880742114
Africa	Congo, Dem. Rep.	I(year - 1952)	0.0939153846153843	0.0406328120721517	2.31131885355655	0.0434098141522265	Africa	2.42948880742114
Africa	Congo, Rep.	(Intercept)	47.1367820512821	1.92582410411277	24.4761616341894	2.95605413498708e-10	Africa	3.54650030457815
Africa	Congo, Rep.	I(year - 1952)	0.195095804195804	0.0593146508638238	3.28916720160269	0.00816150229186549	Africa	3.54650030457815
Africa	Cote d'Ivoire	(Intercept)	44.845858974359	2.13167799703296	21.0378204573012	1.30801726773785e-09	Africa	3.92559042624656
Africa	Cote d'Ivoire	I(year - 1952)	0.130556643356643	0.0656548725701803	1.98852938473207	0.0748035022044141	Africa	3.92559042624656
Africa	Djibouti	(Intercept)	36.2771538461539	0.611784668361338	59.2972588595952	4.51961355980958e-14	Africa	1.12663171472729
Africa	Djibouti	I(year - 1952)	0.367403496503496	0.0188427353932258	19.4984161713369	2.75055194310775e-09	Africa	1.12663171472729
Africa	Egypt	(Intercept)	40.968	0.564299573062493	72.5997359481665	5.99759525849966e-15	Africa	1.03918556397
Africa	Egypt	I(year - 1952)	0.555454545454545	0.0173802124956925	31.9590192347883	2.11724585371879e-11	Africa	1.03918556397
Africa	Equatorial Guinea	(Intercept)	34.4303076923077	0.178485466153734	192.902584363099	3.44496864782447e-19	Africa	0.328689810624535
Africa	Equatorial Guinea	I(year - 1952)	0.310170629370629	0.00549728455811022	56.4225166246907	7.4187909362817e-14	Africa	0.328689810624535
Africa	Eritrea	(Intercept)	35.6952692307692	0.812752798241783	43.9189742662078	9.00089043073691e-13	Africa	1.49672446219545
Africa	Eritrea	I(year - 1952)	0.37469020979021	0.0250324774538621	14.9681632783175	3.56840581674347e-08	Africa	1.49672446219545
Africa	Ethiopia	(Intercept)	36.0281538461539	0.568776719313183	63.34322876235	2.33961156765684e-14	Africa	1.04743045015031
Africa	Ethiopia	I(year - 1952)	0.307185314685314	0.0175181068995266	17.535303126482	7.73127242179023e-09	Africa	1.04743045015031
Africa	Gabon	(Intercept)	38.9353461538461	2.20146529594832	17.6861048981806	7.11421661197226e-09	Africa	4.05410718763221
Africa	Gabon	I(year - 1952)	0.446732867132867	0.0678042948673951	6.58856298124688	6.16612511147321e-05	Africa	4.05410718763221
Africa	Gambia	(Intercept)	28.4003717948718	0.62314971041058	45.5755195266952	6.22621341266372e-13	Africa	1.14756100157291
Africa	Gambia	I(year - 1952)	0.581825874125873	0.0191927743712217	30.3148394740827	3.57275820570526e-11	Africa	1.14756100157291
Africa	Ghana	(Intercept)	43.4927435897436	0.41991346172372	103.575492462681	1.72455046951616e-16	Africa	0.773291401182106
Africa	Ghana	I(year - 1952)	0.321742657342657	0.0129331751129145	24.8773139259036	2.51858484828629e-10	Africa	0.773291401182106
Africa	Guinea	(Intercept)	31.5569871794872	0.649395308953846	48.5944181369657	3.28719129812769e-13	Africa	1.19589356892875
Africa	Guinea	I(year - 1952)	0.424830769230769	0.0200011288367106	21.2403396177831	1.1908071469069e-09	Africa	1.19589356892875
Africa	Guinea-Bissau	(Intercept)	31.7370384615385	0.349426745281856	90.826014007424	6.40599423780221e-16	Africa	0.643486627840695
Africa	Guinea-Bissau	I(year - 1952)	0.271753146853147	0.0107622110215638	25.2506800237096	2.17465399531152e-10	Africa	0.643486627840695
Africa	Kenya	(Intercept)	47.0020384615385	2.37961252835592	19.7519713404822	2.4244369469246e-09	Africa	4.38217412409024
Africa	Kenya	I(year - 1952)	0.206507692307692	0.0732911619546057	2.81763430678853	0.0182345440179978	Africa	4.38217412409024
Africa	Lesotho	(Intercept)	47.3790256410256	3.22225044398612	14.7037067616677	4.2345275308899e-08	Africa	5.93393350754046
Africa	Lesotho	I(year - 1952)	0.0955657342657341	0.0992440896718812	0.962936277431649	0.358286370600177	Africa	5.93393350754046
Africa	Liberia	(Intercept)	39.8364230769231	0.962684635965677	41.3805534945126	1.62759583479858e-12	Africa	1.7728313543141
Africa	Liberia	I(year - 1952)	0.0959937062937062	0.0296503211027043	3.23752670202789	0.00890665088834012	Africa	1.7728313543141
Africa	Libya	(Intercept)	42.1019358974359	0.836190277080637	50.3497075383667	2.30831182407479e-13	Africa	1.53988573827618
Africa	Libya	I(year - 1952)	0.625535664335664	0.0257543428991466	24.2885507421116	3.18876589517954e-10	Africa	1.53988573827618
Africa	Madagascar	(Intercept)	36.6680641025641	0.303904080890051	120.656701927705	3.75162353026288e-17	Africa	0.559654390625488
Africa	Madagascar	I(year - 1952)	0.403727972027972	0.00936013025051904	43.1327301247313	1.07735839734068e-12	Africa	0.559654390625488
Africa	Malawi	(Intercept)	36.9103717948718	1.04974404941257	35.1613060493429	8.21134368081579e-12	Africa	1.93315556857978
Africa	Malawi	I(year - 1952)	0.234225874125874	0.0323317179665111	7.24446113158859	2.77657538874104e-05	Africa	1.93315556857978
Africa	Mali	(Intercept)	33.0512307692308	0.261520321117768	126.38111879018	2.36065637308984e-17	Africa	0.481602601461275
Africa	Mali	I(year - 1952)	0.37680979020979	0.00805472654941242	46.781202055491	4.8007806190221e-13	Africa	0.481602601461275
Africa	Mauritania	(Intercept)	40.0256025641026	0.221298597305783	180.866951039896	6.5599422969385e-19	Africa	0.407532308413623
Africa	Mauritania	I(year - 1952)	0.446417482517482	0.00681591273461275	65.4963612210691	1.67607732454799e-14	Africa	0.407532308413623
Africa	Mauritius	(Intercept)	55.3707692307692	0.944972825105238	58.595091583298	5.0897799059321e-14	Africa	1.74021417890486
Africa	Mauritius	I(year - 1952)	0.348453846153846	0.0291048040562048	11.9723824795707	2.98539339287245e-07	Africa	1.74021417890486
Africa	Morocco	(Intercept)	42.6908333333334	0.411042382592709	103.859930608748	1.67793771686778e-16	Africa	0.75695487035726
Africa	Morocco	I(year - 1952)	0.542472727272727	0.0126599492454442	42.8495183318321	1.15034760588155e-12	Africa	0.75695487035726
Africa	Mozambique	(Intercept)	34.2061538461539	1.2444556561608	27.4868402717387	9.41189536409956e-11	Africa	2.29172661936412
Africa	Mozambique	I(year - 1952)	0.224485314685315	0.0383287614912761	5.85683716225501	0.000160120663709395	Africa	2.29172661936412
Africa	Namibia	(Intercept)	47.1343333333333	2.69381981308928	17.4972108766546	7.89627248663662e-09	Africa	4.96080237400558
Africa	Namibia	I(year - 1952)	0.231163636363636	0.0829686269697274	2.78615718743882	0.0192462505060215	Africa	4.96080237400558
Africa	Niger	(Intercept)	35.1506666666667	1.18583165276628	29.6422064503574	4.46136483620962e-11	Africa	2.18376761861725
Africa	Niger	I(year - 1952)	0.34210909090909	0.0365231644556177	9.36690716722576	2.88505103185399e-06	Africa	2.18376761861725
Africa	Nigeria	(Intercept)	37.8595256410256	0.82540185709255	45.8679918341649	5.84203648410784e-13	Africa	1.52001832946561
Africa	Nigeria	I(year - 1952)	0.208065734265734	0.0254220636615988	8.18445492999165	9.63842662112053e-06	Africa	1.52001832946561
Africa	Reunion	(Intercept)	53.9975384615385	0.884861376927977	61.0237262801602	3.39449502067111e-14	Africa	1.62951597504813
Africa	Reunion	I(year - 1952)	0.459880419580419	0.0272533942862582	16.874243800608	1.12237069713876e-08	Africa	1.62951597504813
Africa	Rwanda	(Intercept)	42.7419487179487	3.56127798000159	12.0018569058542	2.91716085959751e-07	Africa	6.558269477358
Africa	Rwanda	I(year - 1952)	-0.0458314685314686	0.10968600899828	-0.417842429951	0.684892692484913	Africa	6.558269477358
Africa	Sao Tome and Principe	(Intercept)	48.5275641025641	0.756998357594167	64.105243579115	2.07647704854195e-14	Africa	1.39404990312431
Africa	Sao Tome and Principe	I(year - 1952)	0.340682517482517	0.0233152618607773	14.611996190171	4.49644616399307e-08	Africa	1.39404990312431
Africa	Senegal	(Intercept)	36.7466666666667	0.506291733111549	72.5800250397739	6.01387478257504e-15	Africa	0.932361258668909
Africa	Senegal	I(year - 1952)	0.504699999999999	0.0155935930600406	32.3658568013629	1.8677420349625e-11	Africa	0.932361258668909
Africa	Sierra Leone	(Intercept)	30.8832051282051	0.447693630661004	68.9829003879442	9.98866540830064e-15	Africa	0.824449955790965
Africa	Sierra Leone	I(year - 1952)	0.214034965034965	0.0137887937636179	15.5223849674003	2.51507908959079e-08	Africa	0.824449955790965
Africa	Somalia	(Intercept)	34.6753974358974	1.01171831951337	34.2737664892496	1.0582982921278e-11	Africa	1.86312930689716
Africa	Somalia	I(year - 1952)	0.229573426573426	0.031160539930056	7.36744058635487	2.40436839589355e-05	Africa	1.86312930689716
Africa	South Africa	(Intercept)	49.3412820512821	2.57628499903262	19.1521054812683	3.27632267339702e-09	Africa	4.74435620274814
Africa	South Africa	I(year - 1952)	0.16915944055944	0.0793485993435143	2.13185162635472	0.0588374402613926	Africa	4.74435620274814
Africa	Sudan	(Intercept)	37.8741923076923	0.349747958495741	108.289959634328	1.10540636350834e-16	Africa	0.64407815785553
Africa	Sudan	I(year - 1952)	0.382774825174825	0.0107721042665355	35.5338953006564	7.39552932431476e-12	Africa	0.64407815785553
Africa	Swaziland	(Intercept)	46.387858974359	3.6078810346101	12.8573693337901	1.52275437386459e-07	Africa	6.64409130657407
Africa	Swaziland	I(year - 1952)	0.0950748251748254	0.111121365377603	0.85559446513054	0.412253000536052	Africa	6.64409130657407
Africa	Tanzania	(Intercept)	43.1084102564103	0.99623951267697	43.2711307952189	1.04355467414024e-12	Africa	1.83462431880267
Africa	Tanzania	I(year - 1952)	0.174688111888112	0.0306837985592687	5.69317099219918	0.000200178653326035	Africa	1.83462431880267
Africa	Togo	(Intercept)	40.9774615384615	1.2667493270353	32.3485165248639	1.87769088827345e-11	Africa	2.33278151652617
Africa	Togo	I(year - 1952)	0.382592307692307	0.0390153980857447	9.80618746607376	1.90131506186041e-06	Africa	2.33278151652617
Africa	Tunisia	(Intercept)	44.5553076923077	0.84660030865051	52.6285039552246	1.48496603854792e-13	Africa	1.55905632610629
Africa	Tunisia	I(year - 1952)	0.587843356643356	0.0260749679171478	22.5443558937907	6.63641884682522e-10	Africa	1.55905632610629
Africa	Uganda	(Intercept)	44.275217948718	1.7309708029983	25.5782580919486	1.91511054142699e-10	Africa	3.18766831661272
Africa	Uganda	I(year - 1952)	0.121586013986014	0.0533132432064028	2.28059683998762	0.0457392779362015	Africa	3.18766831661272
Africa	Zambia	(Intercept)	47.6580256410256	2.45918609404732	19.3795930110317	2.91970583032016e-09	Africa	4.52871277959789
Africa	Zambia	I(year - 1952)	-0.0604251748251747	0.0757419975511147	-0.79777635629951	0.443531781639337	Africa	4.52871277959789
Africa	Zimbabwe	(Intercept)	55.2212435897436	3.91270010500725	14.1133340424109	6.27004859971623e-08	Africa	7.20543069561591
Africa	Zimbabwe	I(year - 1952)	-0.0930209790209789	0.120509676957373	-0.771896343676058	0.458028982505969	Africa	7.20543069561591
Asia	Afghanistan	(Intercept)	29.9072948717949	0.663999539495009	45.0411379720839	7.00195141003726e-13	Asia	1.22278798153463
Asia	Afghanistan	I(year - 1952)	0.275328671328671	0.0204509335898207	13.4628900983627	9.83521290305262e-08	Asia	1.22278798153463
Asia	Bahrain	(Intercept)	52.7492051282051	0.890329904800453	59.2468082266962	4.5581464373523e-14	Asia	1.63958653950098
Asia	Bahrain	I(year - 1952)	0.467507692307692	0.0274218228674575	17.0487459775149	1.01585466423227e-08	Asia	1.63958653950098
Asia	Bangladesh	(Intercept)	36.1354871794872	0.530363621015227	68.1334196910344	1.1303563068906e-14	Asia	0.976690830409053
Asia	Bangladesh	I(year - 1952)	0.498130769230769	0.0163349980635352	30.4946941097441	3.36950099089235e-11	Asia	0.976690830409053
Asia	Cambodia	(Intercept)	37.0154230769231	3.05728592073071	12.1072820915867	2.68671629715214e-07	Asia	5.63014318176746
Asia	Cambodia	I(year - 1952)	0.395902797202797	0.0941632450189788	4.20443026494045	0.00181588898478291	Asia	5.63014318176746
Asia	China	(Intercept)	47.1904815384616	2.0944267502237	22.5314547445602	6.67383968705922e-10	Asia	3.85699041346615
Asia	China	I(year - 1952)	0.530714853146853	0.0645075483187002	8.22717444669964	9.20621673170663e-06	Asia	3.85699041346615
Asia	Hong Kong, China	(Intercept)	63.428641025641	0.634199478651733	100.013707296774	2.4463372935164e-16	Asia	1.16790969611312
Asia	Hong Kong, China	I(year - 1952)	0.365970629370629	0.0195331030356882	18.7359186454901	4.0590991891879e-09	Asia	1.16790969611312
Asia	India	(Intercept)	39.2697564102564	0.936653291932424	41.925605502585	1.4289422245941e-12	Asia	1.72489334723165
Asia	India	I(year - 1952)	0.505320979020979	0.0288485655947371	17.5163294466594	7.81298086328356e-09	Asia	1.72489334723165
Asia	Indonesia	(Intercept)	36.8831153846154	0.35054602788551	105.21618404035	1.47393344062145e-16	Asia	0.645547842095045
Asia	Indonesia	I(year - 1952)	0.634641258741258	0.010796684500586	58.781124770925	4.93138591589213e-14	Asia	0.645547842095045
Asia	Iran	(Intercept)	44.9789871794872	0.360909627941225	124.626731173855	2.71460958198093e-17	Asia	0.664632923996152
Asia	Iran	I(year - 1952)	0.49663986013986	0.0111158794455886	44.6784136667614	7.58885071252781e-13	Asia	0.664632923996152
Asia	Iraq	(Intercept)	50.1134615384616	2.20308859381166	22.7469116218145	6.07811578778035e-10	Asia	4.05709657090687
Asia	Iraq	I(year - 1952)	0.235210489510489	0.0678542918249607	3.46640548717605	0.00605743972869389	Asia	4.05709657090687
Asia	Israel	(Intercept)	66.3004102564103	0.198604555962732	333.831265526716	1.431040389316e-21	Asia	0.36574010923855
Asia	Israel	I(year - 1952)	0.267106293706294	0.00611694488179716	43.6666177099536	9.53219266639404e-13	Asia	0.36574010923855
Asia	Japan	(Intercept)	65.1220512820513	0.743500882335083	87.5883981166574	9.20538174990012e-16	Asia	1.36919363509072
Asia	Japan	I(year - 1952)	0.352904195804195	0.0228995447499436	15.4109699410101	2.69578416394426e-08	Asia	1.36919363509072
Asia	Jordan	(Intercept)	44.063858974359	1.0367579242358	42.5015887935834	1.24755477942626e-12	Asia	1.90924097700501
Asia	Jordan	I(year - 1952)	0.57172937062937	0.0319317502439714	17.9047301278861	6.31348401760698e-09	Asia	1.90924097700501
Asia	Korea, Dem. Rep.	(Intercept)	54.9056025641026	2.11136131844204	26.0048349302038	1.62681422152889e-10	Asia	3.88817625812141
Asia	Korea, Dem. Rep.	I(year - 1952)	0.316426573426573	0.065029126587066	4.86592070405431	0.000655590666201813	Asia	3.88817625812141
Asia	Korea, Rep.	(Intercept)	49.7275	0.63763842840956	77.9869872711933	2.93500598450291e-15	Asia	1.17424269212118
Asia	Korea, Rep.	I(year - 1952)	0.5554	0.019639021381911	28.2804315550857	7.10402570521099e-11	Asia	1.17424269212118
Asia	Kuwait	(Intercept)	57.4593333333333	0.957267149571527	60.0243446764596	4.0022954490916e-14	Asia	1.76285478526718
Asia	Kuwait	I(year - 1952)	0.416836363636363	0.0294834645796489	14.137970878907	6.16634551818571e-08	Asia	1.76285478526718
Asia	Lebanon	(Intercept)	58.687358974359	0.666683757540466	88.0287817283396	8.75561361385392e-16	Asia	1.22773110177881
Asia	Lebanon	I(year - 1952)	0.26102937062937	0.0205336064859947	12.7123002385095	1.69552144074781e-07	Asia	1.22773110177881
Asia	Malaysia	(Intercept)	51.505217948718	1.13383655588432	45.4256106679743	6.43382858376272e-13	Asia	2.08801607696053
Asia	Malaysia	I(year - 1952)	0.464522377622377	0.0349217352224919	13.3018126007437	1.10286542664031e-07	Asia	2.08801607696053
Asia	Mongolia	(Intercept)	43.8264102564103	0.510576677436334	85.8370783335969	1.12629344421915e-15	Asia	0.940252195499795
Asia	Mongolia	I(year - 1952)	0.438688111888112	0.0157255677175666	27.8964880484452	8.13182946358536e-11	Asia	0.940252195499795
Asia	Myanmar	(Intercept)	41.4115512820513	1.64688926605042	25.1453161640702	2.26616635652906e-10	Asia	3.03282800915254
Asia	Myanmar	I(year - 1952)	0.433095104895104	0.0507235638075904	8.5383414016011	6.62678995109155e-06	Asia	3.03282800915254
Asia	Nepal	(Intercept)	34.431641025641	0.501892628149355	68.6035998428627	1.05537458891573e-14	Asia	0.924260089379889
Asia	Nepal	I(year - 1952)	0.529261538461538	0.0154581022982474	34.2384549053957	1.06917839340389e-11	Asia	0.924260089379889
Asia	Oman	(Intercept)	37.2077435897436	1.27486098394704	29.1857261758426	5.20189837841786e-11	Asia	2.34771953378678
Asia	Oman	I(year - 1952)	0.772179020979021	0.0392652340373353	19.6657180304795	2.53034579841986e-09	Asia	2.34771953378678
Asia	Pakistan	(Intercept)	43.7229615384616	0.218801481516028	199.829366947219	2.42107944756556e-19	Asia	0.402933746224056
Asia	Pakistan	I(year - 1952)	0.405792307692307	0.00673900251684183	60.2154854042818	3.87736267081891e-14	Asia	0.402933746224056
Asia	Philippines	(Intercept)	49.4043461538462	0.40154788910977	123.03475499118	3.08679631365401e-17	Asia	0.739470291180404
Asia	Philippines	I(year - 1952)	0.42046923076923	0.0123675224527446	33.9978546532511	1.14666741335478e-11	Asia	0.739470291180404
Asia	Saudi Arabia	(Intercept)	40.8141153846154	1.13028423017236	36.1096034918504	6.30470994071653e-12	Asia	2.0814742935274
Asia	Saudi Arabia	I(year - 1952)	0.649623076923077	0.0348123249399488	18.6607208235496	4.22133757171984e-09	Asia	2.0814742935274
Asia	Singapore	(Intercept)	61.8458846153846	0.386576325790451	159.983631922947	2.23649283496309e-18	Asia	0.711899417101831
Asia	Singapore	I(year - 1952)	0.340886013986014	0.0119064039896022	28.6304760264902	6.29037777110074e-11	Asia	0.711899417101831
Asia	Sri Lanka	(Intercept)	59.7914871794872	0.590587866907487	101.240629091443	2.16576403614945e-16	Asia	1.08759675683492
Asia	Sri Lanka	I(year - 1952)	0.244894405594405	0.0181898819602565	13.4632212638587	9.83290992704513e-08	Asia	1.08759675683492
Asia	Syria	(Intercept)	46.1012820512821	0.721970488305514	63.8548012668539	2.15918139186145e-14	Asia	1.32954434997663
Asia	Syria	I(year - 1952)	0.55435944055944	0.0222364167923606	24.9302504866653	2.46637628567519e-10	Asia	1.32954434997663
Asia	Taiwan	(Intercept)	61.3374358974359	0.711590159192075	86.197701169838	1.08010634417578e-15	Asia	1.3104284606886
Asia	Taiwan	I(year - 1952)	0.327244755244755	0.0219167065987347	14.9312924261917	3.65396700756778e-08	Asia	1.3104284606886
Asia	Thailand	(Intercept)	52.6564230769231	0.654270978432845	80.4810618423721	2.14334872521026e-15	Asia	1.20487235533783
Asia	Thailand	I(year - 1952)	0.347048251748252	0.0201512976045938	17.2221292423937	9.20905008822308e-09	Asia	1.20487235533783
Asia	Vietnam	(Intercept)	39.0100769230769	0.713339045812076	54.6865857856796	1.01308898650992e-13	Asia	1.31364912186802
Asia	Vietnam	I(year - 1952)	0.671615384615384	0.0219705716422993	30.5688625471329	3.28941194879279e-11	Asia	1.31364912186802
Asia	West Bank and Gaza	(Intercept)	43.7983974358975	1.07636654855591	40.6909686060561	1.92368618987697e-12	Asia	1.98218221702543
Asia	West Bank and Gaza	I(year - 1952)	0.601100699300699	0.0331516808273131	18.1318317593557	5.58508868965949e-09	Asia	1.98218221702543
Asia	Yemen, Rep.	(Intercept)	30.1302820512821	0.861121621422633	34.9895778966794	8.62025302908846e-12	Asia	1.58579804154085
Asia	Yemen, Rep.	I(year - 1952)	0.60545944055944	0.0265222188344686	22.8283856768642	5.86827352956713e-10	Asia	1.58579804154085
Americas	Argentina	(Intercept)	62.6884358974359	0.158728937803766	394.940183969079	2.66477000620906e-22	Americas	0.292307186863136
Americas	Argentina	I(year - 1952)	0.231708391608391	0.00488879098963894	47.3958473781069	4.21556744714119e-13	Americas	0.292307186863136
Americas	Bolivia	(Intercept)	38.7564487179487	0.643178424370859	60.2576940541177	3.85035637081704e-14	Americas	1.18444486859314
Americas	Bolivia	I(year - 1952)	0.499932167832167	0.0198096511530982	25.2367981631004	2.18647531760797e-10	Americas	1.18444486859314
Americas	Brazil	(Intercept)	51.5120384615385	0.177152918887192	290.777249311599	5.69194818589178e-21	Americas	0.326235858949216
Americas	Brazil	I(year - 1952)	0.39008951048951	0.00545624260848165	71.494165212361	6.99043321717699e-15	Americas	0.326235858949216
Americas	Canada	(Intercept)	68.8838461538462	0.13534705463082	508.942335994953	2.11026963508967e-23	Americas	0.249248292949942
Americas	Canada	I(year - 1952)	0.21886923076923	0.00416863786974591	52.5037764392259	1.52050301139801e-13	Americas	0.249248292949942
Americas	Chile	(Intercept)	54.3177051282052	0.647738780336758	83.8574233581714	1.4218598928771e-15	Americas	1.19284298957807
Americas	Chile	I(year - 1952)	0.476844055944055	0.0199501083845527	23.9018278373502	3.73461002179496e-10	Americas	1.19284298957807
Americas	Colombia	(Intercept)	53.4271153846154	0.712225870839358	75.0142862988837	4.3263985220656e-15	Americas	1.31159915511802
Americas	Colombia	I(year - 1952)	0.38075034965035	0.0219362862759898	17.3571016014272	8.53724285659653e-09	Americas	1.31159915511802
Americas	Costa Rica	(Intercept)	59.1047051282051	0.824766773588479	71.6623256669839	6.82840581786245e-15	Americas	1.51884879179298
Americas	Costa Rica	I(year - 1952)	0.40278951048951	0.025402503330916	15.8562920056503	2.04847037076922e-08	Americas	1.51884879179298
Americas	Cuba	(Intercept)	62.2134487179487	0.945205146899524	65.8200486127506	1.59561904440854e-14	Americas	1.74064201097553
Americas	Cuba	I(year - 1952)	0.321150349650349	0.0291119594792192	11.0315607535657	6.41895247525558e-07	Americas	1.74064201097553
Americas	Dominican Republic	(Intercept)	48.5978076923077	0.841802355960062	57.7306624865437	5.90298330900856e-14	Americas	1.5502206590058
Americas	Dominican Republic	I(year - 1952)	0.471152447552447	0.0259271927968306	18.1721349952719	5.46572520875576e-09	Americas	1.5502206590058
Americas	Ecuador	(Intercept)	49.0653717948718	0.379492718219358	129.291998078631	1.8801552419138e-17	Americas	0.698854603530983
Americas	Ecuador	I(year - 1952)	0.500053146853146	0.0116882315671892	42.7826180529208	1.16837219605924e-12	Americas	0.698854603530983
Americas	El Salvador	(Intercept)	46.5119487179487	1.05508201747849	44.0837280395569	8.67163151552395e-13	Americas	1.94298570069371
Americas	El Salvador	I(year - 1952)	0.477141258741258	0.0324961253552629	14.6830200069986	4.29211282932107e-08	Americas	1.94298570069371
Americas	Guatemala	(Intercept)	42.1193974358974	0.315592364817777	133.46139555758	1.36907348102277e-17	Americas	0.581178943372102
Americas	Guatemala	I(year - 1952)	0.531273426573426	0.00972012495558567	54.657057291031	1.01855871279508e-13	Americas	0.581178943372102
Americas	Haiti	(Intercept)	39.2461538461539	0.456553441060907	85.9617961808729	1.11007886358548e-15	Americas	0.840765734690324
Americas	Haiti	I(year - 1952)	0.397058041958042	0.0140616725584505	28.2369000065661	7.21304814603239e-11	Americas	0.840765734690324
Americas	Honduras	(Intercept)	42.9924102564102	0.849439318960186	50.6126915681723	2.19154671834585e-13	Americas	1.56428450395829
Americas	Honduras	I(year - 1952)	0.542851748251748	0.0261624083562604	20.7493033844435	1.49745633115739e-09	Americas	1.56428450395829
Americas	Jamaica	(Intercept)	62.6609871794872	1.11642053683941	56.1266880282233	7.81803530309423e-14	Americas	2.05594361680418
Americas	Jamaica	I(year - 1952)	0.221394405594405	0.0343853284515514	6.43862994958293	7.45514772391476e-05	Americas	2.05594361680418
Americas	Mexico	(Intercept)	53.0053717948718	0.567501992325495	93.4012082982612	4.84501602540082e-16	Americas	1.04508297737726
Americas	Mexico	I(year - 1952)	0.451034965034965	0.0174788457925232	25.8046195034172	1.75570885321461e-10	Americas	1.04508297737726
Americas	Nicaragua	(Intercept)	43.0451282051282	0.324955384134532	132.464733027188	1.47558360328033e-17	Americas	0.598421406371567
Americas	Nicaragua	I(year - 1952)	0.55651958041958	0.0100085023939086	55.6046807520665	8.58142576926025e-14	Americas	0.598421406371567
Americas	Panama	(Intercept)	58.061	0.823779484865523	70.4812405099869	8.06050361453265e-15	Americas	1.51703065079599
Americas	Panama	I(year - 1952)	0.354209090909091	0.0253720952132801	13.960577080118	6.95728006689162e-08	Americas	1.51703065079599
Americas	Paraguay	(Intercept)	62.4818333333334	0.212547983110451	293.965778545471	5.10390400757565e-21	Americas	0.391417619723876
Americas	Paraguay	I(year - 1952)	0.157354545454545	0.0065463971414017	24.0368162908082	3.53321932992588e-10	Americas	0.391417619723876
Americas	Peru	(Intercept)	44.3476410256411	0.585054765375883	75.8008372039304	3.89851507585034e-15	Americas	1.07740727679612
Americas	Peru	I(year - 1952)	0.527697902097902	0.0180194645348851	29.2848825266864	5.03023424300031e-11	Americas	1.07740727679612
Americas	Puerto Rico	(Intercept)	66.9485256410257	0.688940712552319	97.1760333236824	3.26138541448473e-16	Americas	1.26871838486451
Americas	Puerto Rico	I(year - 1952)	0.210574825174824	0.0212191122458409	9.92382823254535	1.70487604486944e-06	Americas	1.26871838486451
Americas	Trinidad and Tobago	(Intercept)	62.0523076923077	0.897062069869864	69.1728139852236	9.71830276900388e-15	Americas	1.65198415432892
Americas	Trinidad and Tobago	I(year - 1952)	0.173661538461538	0.0276291709943175	6.28544151749088	9.07791073439143e-05	Americas	1.65198415432892
Americas	United States	(Intercept)	68.4138461538462	0.22596946740044	302.757035899059	3.80137741624912e-21	Americas	0.416133946630722
Americas	United States	I(year - 1952)	0.184169230769231	0.00695977375925317	26.4619565433968	1.36978795973676e-10	Americas	0.416133946630722
Americas	Uruguay	(Intercept)	65.7416025641026	0.289799387945219	226.852109765428	6.81217193189747e-20	Americas	0.533679901201452
Americas	Uruguay	I(year - 1952)	0.183272027972027	0.00892571106562177	20.5330451125532	1.65920074387991e-09	Americas	0.533679901201452
Americas	Venezuela	(Intercept)	57.5133205128205	0.804649772469701	71.4762154673773	7.00797656388885e-15	Americas	1.48180233960527
Americas	Venezuela	I(year - 1952)	0.329721678321678	0.0247829073380945	13.3043986253725	1.100828599097e-07	Americas	1.48180233960527
Europe	Albania	(Intercept)	59.2291282051282	1.07684403179424	55.0025133226031	9.56547054021611e-14	Europe	1.9830615260166
Europe	Albania	I(year - 1952)	0.334683216783216	0.033166387129677	10.0910363095818	1.46276319026075e-06	Europe	1.9830615260166
Europe	Austria	(Intercept)	66.4484615384616	0.221231845219562	300.356675470995	4.11630044699774e-21	Europe	0.407409381146483
Europe	Austria	I(year - 1952)	0.241992307692307	0.00681385679571359	35.5147334244737	7.43523965862184e-12	Europe	0.407409381146483
Europe	Belgium	(Intercept)	67.8919230769231	0.159052196876879	426.853098605596	1.2251999102873e-22	Europe	0.292902484428892
Europe	Belgium	I(year - 1952)	0.209084615384615	0.00489874724629774	42.6812417282054	1.19628011775419e-12	Europe	0.292902484428892
Europe	Bosnia and Herzegovina	(Intercept)	58.0895641025641	1.22541651246341	47.4039345085932	4.20841035710484e-13	Europe	2.25666509490946
Europe	Bosnia and Herzegovina	I(year - 1952)	0.349755244755244	0.0377423630975986	9.2669143119313	3.17939497468637e-06	Europe	2.25666509490946
Europe	Bulgaria	(Intercept)	65.7373076923078	1.36250296692514	48.2474602170311	3.53039350319454e-13	Europe	2.50911657864767
Europe	Bulgaria	I(year - 1952)	0.14568881118881	0.0419645738214089	3.47170953787894	0.00600390231654286	Europe	2.50911657864767
Europe	Croatia	(Intercept)	63.8557820512821	0.623146676324969	102.473116647069	1.91913898379817e-16	Europe	1.14755541415425
Europe	Croatia	I(year - 1952)	0.22545944055944	0.0191926809225374	11.747157235063	3.56825849711675e-07	Europe	1.14755541415425
Europe	Czech Republic	(Intercept)	67.528076923077	0.448259671107735	150.644997253941	4.08015368880526e-18	Europe	0.825492347259867
Europe	Czech Republic	I(year - 1952)	0.144815384615384	0.0138062275943613	10.4891349664936	1.02435059876382e-06	Europe	0.825492347259867
Europe	Denmark	(Intercept)	71.0335897435898	0.216550287981593	328.023529341266	1.70555460719659e-21	Europe	0.39878806202658
Europe	Denmark	I(year - 1952)	0.12133006993007	0.00666966661111879	18.1913245450386	5.40987875833765e-09	Europe	0.39878806202658
Europe	Finland	(Intercept)	66.4489743589744	0.192347117850627	345.463842149054	1.01603300662421e-21	Europe	0.354216727574011
Europe	Finland	I(year - 1952)	0.237925174825174	0.0059242181648925	40.1614471653225	2.19130983037564e-12	Europe	0.354216727574011
Europe	France	(Intercept)	67.7901282051282	0.119490057908997	567.328607847497	7.12347500507338e-24	Europe	0.220046849482939
Europe	France	I(year - 1952)	0.238501398601399	0.00368024839414682	64.8057883757843	1.86306757176393e-14	Europe	0.220046849482939
Europe	Germany	(Intercept)	67.5681282051282	0.225939944574835	299.05348667884	4.29921657397618e-21	Europe	0.416079578887699
Europe	Germany	I(year - 1952)	0.213683216783216	0.00695886446743907	30.70662142984	3.1461499828613e-11	Europe	0.416079578887699
Europe	Greece	(Intercept)	67.0672051282051	0.422710281720737	158.659980673271	2.43016652251116e-18	Europe	0.778441883487362
Europe	Greece	I(year - 1952)	0.242398601398601	0.0130193161064236	18.6183820576416	4.3158046876949e-09	Europe	0.778441883487362
Europe	Hungary	(Intercept)	65.9928205128205	0.644634373914789	102.372481492189	1.93807173356147e-16	Europe	1.18712607166354
Europe	Hungary	I(year - 1952)	0.123648951048951	0.0198544938459947	6.22775639651447	9.78447654355777e-05	Europe	1.18712607166354
Europe	Iceland	(Intercept)	71.9635897435898	0.296927768619513	242.360591864363	3.51675158468928e-20	Europe	0.546807166655522
Europe	Iceland	I(year - 1952)	0.165375524475524	0.00914526248260591	18.0831905907637	5.73296998322548e-09	Europe	0.546807166655522
Europe	Ireland	(Intercept)	67.5414615384615	0.259484790265012	260.29063772671	1.72274632899968e-20	Europe	0.477854070754934
Europe	Ireland	I(year - 1952)	0.19911958041958	0.00799203297236353	24.9147596247583	2.48152998840103e-10	Europe	0.477854070754934
Europe	Italy	(Intercept)	66.5967948717949	0.226298420335449	294.28749335977	5.04838770988662e-21	Europe	0.416739729724676
Europe	Italy	I(year - 1952)	0.269710489510489	0.0069699053846955	38.6964348329202	3.17060161951529e-12	Europe	0.416739729724676
Europe	Montenegro	(Intercept)	62.2416282051282	1.49538843730526	41.6223816183102	1.53593972383434e-12	Europe	2.75383174249397
Europe	Montenegro	I(year - 1952)	0.293001398601399	0.0460573958312897	6.36165795553608	8.22747931405663e-05	Europe	2.75383174249397
Europe	Netherlands	(Intercept)	71.8896153846154	0.188841052870024	380.688490622299	3.84827208074225e-22	Europe	0.347760135564895
Europe	Netherlands	I(year - 1952)	0.136686713286713	0.00581623269530252	23.5009017773838	4.410957735291e-10	Europe	0.347760135564895
Europe	Norway	(Intercept)	72.2146153846154	0.265905999102344	271.579489099156	1.1268368780375e-20	Europe	0.489679044307154
Europe	Norway	I(year - 1952)	0.131941258741258	0.00818980376539531	16.1104298125866	1.75695477141747e-08	Europe	0.489679044307154
Europe	Poland	(Intercept)	64.7808974358975	0.880358510720451	73.5846778863799	5.24268630004846e-15	Europe	1.62122372429565
Europe	Poland	I(year - 1952)	0.196218881118881	0.0271147077175236	7.23662165799668	2.80233270285769e-05	Europe	1.62122372429565
Europe	Portugal	(Intercept)	61.1467948717949	0.618883946053444	98.8017143791197	2.76323435307026e-16	Europe	1.13970538560075
Europe	Portugal	I(year - 1952)	0.337201398601398	0.0190613904494136	17.6902833765609	7.09790675360369e-09	Europe	1.13970538560075
Europe	Romania	(Intercept)	63.9621282051282	0.793958593970171	80.5610376799212	2.1221954906281e-15	Europe	1.4621140058037
Europe	Romania	I(year - 1952)	0.157401398601399	0.0244536231014562	6.43673119309775	7.47322951543411e-05	Europe	1.4621140058037
Europe	Serbia	(Intercept)	61.5343461538462	0.972853215119965	63.2514188137398	2.37371531778892e-14	Europe	1.79155729558298
Europe	Serbia	I(year - 1952)	0.255151048951048	0.0299635094780235	8.515392669146	6.78725361458186e-06	Europe	1.79155729558298
Europe	Slovak Republic	(Intercept)	67.0098717948718	0.705834715426248	94.9370586772643	4.11657077476968e-16	Europe	1.29982952643241
Europe	Slovak Republic	I(year - 1952)	0.134044055944055	0.021739441117008	6.16593845364242	0.000106079824400236	Europe	1.29982952643241
Europe	Slovenia	(Intercept)	66.0863461538462	0.38599807694732	171.20900362119	1.13541763006336e-18	Europe	0.710834543267348
Europe	Slovenia	I(year - 1952)	0.200523776223776	0.0118885941448872	16.8669040073181	1.12711172913561e-08	Europe	0.710834543267348
Europe	Spain	(Intercept)	66.4778205128206	0.55017550461738	120.830207733535	3.69813235949079e-17	Europe	1.01317539360423
Europe	Spain	I(year - 1952)	0.280930769230768	0.0169451965527466	16.5787849291859	1.33175522694897e-08	Europe	1.01317539360423
Europe	Sweden	(Intercept)	71.605	0.11499440545833	622.682466286998	2.80790802971896e-24	Europe	0.211767883220383
Europe	Sweden	I(year - 1952)	0.166254545454545	0.00354178400638319	46.9409046838859	4.6405834038555e-13	Europe	0.211767883220383
Europe	Switzerland	(Intercept)	69.453717948718	0.116701436166038	595.140216182963	4.41419385753545e-24	Europe	0.214911464667868
Europe	Switzerland	I(year - 1952)	0.222231468531468	0.00359435990374851	61.8278287323721	2.97892951766984e-14	Europe	0.214911464667868
Europe	Turkey	(Intercept)	46.0223205128205	0.622880941459103	73.8862235935698	5.03295439737386e-15	Europe	1.14706605026026
Europe	Turkey	I(year - 1952)	0.49723986013986	0.0191844963896106	25.9188383182756	1.68085723443782e-10	Europe	1.14706605026026
Europe	United Kingdom	(Intercept)	68.8085256410257	0.240079443421066	286.607319062903	6.57635895699641e-21	Europe	0.442118165100038
Europe	United Kingdom	I(year - 1952)	0.185965734265734	0.00739435566087805	25.1496875176885	2.26228665886488e-10	Europe	0.442118165100038
Oceania	Australia	(Intercept)	68.4005128205128	0.33700348729615	202.966780460655	2.07189539998203e-19	Oceania	0.620608584027623
Oceania	Australia	I(year - 1952)	0.227723776223776	0.0103795793946983	21.9395957739957	8.667221611503e-10	Oceania	0.620608584027623
Oceania	New Zealand	(Intercept)	68.6869230769231	0.436777386840678	157.25842304647	2.65556348872294e-18	Oceania	0.804347153073439
Oceania	New Zealand	I(year - 1952)	0.192820979020979	0.0134525776005923	14.333385373855	5.40732438121311e-08	Oceania	0.804347153073439
